{
  "25Thread-HTTP请求" : {
    "transaction" : "25Thread-HTTP请求",
    "sampleCount" : 125000,
    "errorCount" : 0,
    "errorPct" : 0.0,
    "meanResTime" : 31.480735999999773,
    "medianResTime" : 24.0,
    "minResTime" : 9.0,
    "maxResTime" : 439.0,
    "pct1ResTime" : 44.0,
    "pct2ResTime" : 55.0,
    "pct3ResTime" : 226.0,
    "throughput" : 782.6783880582062,
    "receivedKBytesPerSec" : 830.6099733087103,
    "sentKBytesPerSec" : 0.0
  },
  "20Thread-HTTP请求" : {
    "transaction" : "20Thread-HTTP请求",
    "sampleCount" : 100000,
    "errorCount" : 0,
    "errorPct" : 0.0,
    "meanResTime" : 25.11682999999997,
    "medianResTime" : 21.0,
    "minResTime" : 9.0,
    "maxResTime" : 631.0,
    "pct1ResTime" : 32.0,
    "pct2ResTime" : 36.0,
    "pct3ResTime" : 222.0,
    "throughput" : 778.4463767213396,
    "receivedKBytesPerSec" : 826.1186152801239,
    "sentKBytesPerSec" : 0.0
  },
  "10Thread-HTTP请求" : {
    "transaction" : "10Thread-HTTP请求",
    "sampleCount" : 50000,
    "errorCount" : 0,
    "errorPct" : 0.0,
    "meanResTime" : 15.129959999999995,
    "medianResTime" : 13.0,
    "minResTime" : 8.0,
    "maxResTime" : 80.0,
    "pct1ResTime" : 17.0,
    "pct2ResTime" : 18.0,
    "pct3ResTime" : 19.0,
    "throughput" : 647.3162269231765,
    "receivedKBytesPerSec" : 686.9591243065624,
    "sentKBytesPerSec" : 0.0
  },
  "Total" : {
    "transaction" : "Total",
    "sampleCount" : 900000,
    "errorCount" : 0,
    "errorPct" : 0.0,
    "meanResTime" : 36.068593333333574,
    "medianResTime" : 37.0,
    "minResTime" : 8.0,
    "maxResTime" : 834.0,
    "pct1ResTime" : 85.0,
    "pct2ResTime" : 108.0,
    "pct3ResTime" : 233.0,
    "throughput" : 748.514199314361,
    "receivedKBytesPerSec" : 794.3537611694952,
    "sentKBytesPerSec" : 0.0
  },
  "5Thread-HTTP请求" : {
    "transaction" : "5Thread-HTTP请求",
    "sampleCount" : 25000,
    "errorCount" : 0,
    "errorPct" : 0.0,
    "meanResTime" : 13.719719999999949,
    "medianResTime" : 13.0,
    "minResTime" : 9.0,
    "maxResTime" : 48.0,
    "pct1ResTime" : 17.0,
    "pct2ResTime" : 18.0,
    "pct3ResTime" : 21.0,
    "throughput" : 357.112247521641,
    "receivedKBytesPerSec" : 378.9822897992672,
    "sentKBytesPerSec" : 0.0
  },
  "15Thread-HTTP请求" : {
    "transaction" : "15Thread-HTTP请求",
    "sampleCount" : 75000,
    "errorCount" : 0,
    "errorPct" : 0.0,
    "meanResTime" : 18.773666666666387,
    "medianResTime" : 15.0,
    "minResTime" : 9.0,
    "maxResTime" : 833.0,
    "pct1ResTime" : 21.0,
    "pct2ResTime" : 22.0,
    "pct3ResTime" : 217.0,
    "throughput" : 782.7911200175345,
    "receivedKBytesPerSec" : 830.7300228444541,
    "sentKBytesPerSec" : 0.0
  },
  "35Thread-HTTP请求" : {
    "transaction" : "35Thread-HTTP请求",
    "sampleCount" : 175000,
    "errorCount" : 0,
    "errorPct" : 0.0,
    "meanResTime" : 44.175188571427995,
    "medianResTime" : 33.0,
    "minResTime" : 9.0,
    "maxResTime" : 433.0,
    "pct1ResTime" : 73.0,
    "pct2ResTime" : 90.0,
    "pct3ResTime" : 232.0,
    "throughput" : 782.8786672273569,
    "receivedKBytesPerSec" : 830.8223402955479,
    "sentKBytesPerSec" : 0.0
  },
  "40Thread-HTTP请求" : {
    "transaction" : "40Thread-HTTP请求",
    "sampleCount" : 200000,
    "errorCount" : 0,
    "errorPct" : 0.0,
    "meanResTime" : 50.516355000000125,
    "medianResTime" : 37.0,
    "minResTime" : 9.0,
    "maxResTime" : 505.0,
    "pct1ResTime" : 85.0,
    "pct2ResTime" : 108.0,
    "pct3ResTime" : 233.0,
    "throughput" : 782.2644992724939,
    "receivedKBytesPerSec" : 830.1711144005604,
    "sentKBytesPerSec" : 0.0
  },
  "30Thread-HTTP请求" : {
    "transaction" : "30Thread-HTTP请求",
    "sampleCount" : 150000,
    "errorCount" : 0,
    "errorPct" : 0.0,
    "meanResTime" : 37.82342666666704,
    "medianResTime" : 30.0,
    "minResTime" : 9.0,
    "maxResTime" : 834.0,
    "pct1ResTime" : 57.0,
    "pct2ResTime" : 71.0,
    "pct3ResTime" : 228.0,
    "throughput" : 781.5227188654375,
    "receivedKBytesPerSec" : 829.383943550614,
    "sentKBytesPerSec" : 0.0
  }
}