{
  "25Thread-HTTP请求" : {
    "transaction" : "25Thread-HTTP请求",
    "sampleCount" : 125000,
    "errorCount" : 52,
    "errorPct" : 0.0416,
    "meanResTime" : 90.6033600000009,
    "medianResTime" : 63.0,
    "minResTime" : 9.0,
    "maxResTime" : 13486.0,
    "pct1ResTime" : 113.0,
    "pct2ResTime" : 263.0,
    "pct3ResTime" : 660.0,
    "throughput" : 271.8697461171563,
    "receivedKBytesPerSec" : 999.7876548604057,
    "sentKBytesPerSec" : 0.0
  },
  "20Thread-HTTP请求" : {
    "transaction" : "20Thread-HTTP请求",
    "sampleCount" : 100000,
    "errorCount" : 31,
    "errorPct" : 0.031,
    "meanResTime" : 71.97159999999911,
    "medianResTime" : 43.0,
    "minResTime" : 9.0,
    "maxResTime" : 13190.0,
    "pct1ResTime" : 76.0,
    "pct2ResTime" : 248.0,
    "pct3ResTime" : 654.9900000000016,
    "throughput" : 272.09255500351,
    "receivedKBytesPerSec" : 1000.6071623135826,
    "sentKBytesPerSec" : 0.0
  },
  "10Thread-HTTP请求" : {
    "transaction" : "10Thread-HTTP请求",
    "sampleCount" : 50000,
    "errorCount" : 15,
    "errorPct" : 0.03,
    "meanResTime" : 35.30014000000031,
    "medianResTime" : 14.0,
    "minResTime" : 9.0,
    "maxResTime" : 6400.0,
    "pct1ResTime" : 27.0,
    "pct2ResTime" : 44.95000000000073,
    "pct3ResTime" : 480.0,
    "throughput" : 267.8997197768931,
    "receivedKBytesPerSec" : 985.1881384385197,
    "sentKBytesPerSec" : 0.0
  },
  "Total" : {
    "transaction" : "Total",
    "sampleCount" : 899999,
    "errorCount" : 376,
    "errorPct" : 0.041777823,
    "meanResTime" : 102.45506606118339,
    "medianResTime" : 117.0,
    "minResTime" : 9.0,
    "maxResTime" : 52389.0,
    "pct1ResTime" : 215.0,
    "pct2ResTime" : 310.0,
    "pct3ResTime" : 698.9900000000016,
    "throughput" : 271.22029983738815,
    "receivedKBytesPerSec" : 997.3994605949616,
    "sentKBytesPerSec" : 0.0
  },
  "5Thread-HTTP请求" : {
    "transaction" : "5Thread-HTTP请求",
    "sampleCount" : 24999,
    "errorCount" : 1,
    "errorPct" : 0.00400016,
    "meanResTime" : 17.930237209488435,
    "medianResTime" : 13.0,
    "minResTime" : 9.0,
    "maxResTime" : 3096.0,
    "pct1ResTime" : 16.0,
    "pct2ResTime" : 24.0,
    "pct3ResTime" : 221.0,
    "throughput" : 270.83920175077463,
    "receivedKBytesPerSec" : 995.9979367998526,
    "sentKBytesPerSec" : 0.0
  },
  "15Thread-HTTP请求" : {
    "transaction" : "15Thread-HTTP请求",
    "sampleCount" : 75000,
    "errorCount" : 39,
    "errorPct" : 0.052,
    "meanResTime" : 53.203640000001236,
    "medianResTime" : 26.0,
    "minResTime" : 9.0,
    "maxResTime" : 52190.0,
    "pct1ResTime" : 43.0,
    "pct2ResTime" : 230.0,
    "pct3ResTime" : 636.9900000000016,
    "throughput" : 266.8108631153548,
    "receivedKBytesPerSec" : 981.1839212325416,
    "sentKBytesPerSec" : 0.0
  },
  "35Thread-HTTP请求" : {
    "transaction" : "35Thread-HTTP请求",
    "sampleCount" : 175000,
    "errorCount" : 80,
    "errorPct" : 0.045714285,
    "meanResTime" : 126.30272000000039,
    "medianResTime" : 94.0,
    "minResTime" : 10.0,
    "maxResTime" : 52389.0,
    "pct1ResTime" : 182.0,
    "pct2ResTime" : 288.0,
    "pct3ResTime" : 667.9800000000032,
    "throughput" : 271.23120367758514,
    "receivedKBytesPerSec" : 997.4395517066448,
    "sentKBytesPerSec" : 0.0
  },
  "40Thread-HTTP请求" : {
    "transaction" : "40Thread-HTTP请求",
    "sampleCount" : 200000,
    "errorCount" : 92,
    "errorPct" : 0.046,
    "meanResTime" : 145.40326000000138,
    "medianResTime" : 117.0,
    "minResTime" : 9.0,
    "maxResTime" : 13437.0,
    "pct1ResTime" : 215.0,
    "pct2ResTime" : 310.0,
    "pct3ResTime" : 698.9900000000016,
    "throughput" : 272.34005468588293,
    "receivedKBytesPerSec" : 1001.5174460719884,
    "sentKBytesPerSec" : 0.0
  },
  "30Thread-HTTP请求" : {
    "transaction" : "30Thread-HTTP请求",
    "sampleCount" : 150000,
    "errorCount" : 66,
    "errorPct" : 0.044,
    "meanResTime" : 108.66487333333414,
    "medianResTime" : 81.0,
    "minResTime" : 10.0,
    "maxResTime" : 13335.0,
    "pct1ResTime" : 148.0,
    "pct2ResTime" : 279.0,
    "pct3ResTime" : 669.0,
    "throughput" : 272.0397540760623,
    "receivedKBytesPerSec" : 1000.4129124236022,
    "sentKBytesPerSec" : 0.0
  }
}